code,date,codeOpen ($),codeClose ($),codeVolume
AACG,2022-02-02,1.659999966621399,1.6299999952316284,400400.0
AACG,2022-02-03,1.600000023841858,1.5399999618530273,30300.0
AACI,2022-02-02,9.890000343322754,9.850000381469727,2200.0
AACI,2022-02-03,9.82289981842041,9.82289981842041,2147.0
AACIU,2022-02-02,10.020000457763672,10.020000457763672,0.0
AACIU,2022-02-03,10.020000457763672,10.020000457763672,0.0
AACIW,2022-02-02,0.5400000214576721,0.334199994802475,1245.0
AADI,2022-02-02,18.959999084472656,17.989999771118164,179900.0
AADI,2022-02-03,17.799999237060547,18.559999465942383,344800.0
AADR,2022-02-02,63.66999816894531,63.91999816894531,3200.0
AADR,2022-02-03,62.7599983215332,62.400001525878906,3100.0
AAL,2022-02-02,16.8799991607666,16.959999084472656,37904200.0
AAL,2022-02-03,16.649999618530273,16.56999969482422,30566500.0
AAME,2022-02-02,2.5,2.5799999237060547,6900.0
AAME,2022-02-03,2.549999952316284,2.509999990463257,5800.0
AAOI,2022-02-02,4.150000095367432,4.0,236100.0
AAOI,2022-02-03,3.9100000858306885,3.8499999046325684,207900.0
AAON,2022-02-02,63.95000076293945,61.93000030517578,218500.0
AAON,2022-02-03,62.290000915527344,61.130001068115234,137300.0
AAPL,2022-02-02,174.75,175.83999633789062,84914300.0
AAPL,2022-02-03,174.47999572753906,172.89999389648438,89254800.0
AATC,2022-02-02,6.989999771118164,6.880000114440918,15300.0
AATC,2022-02-03,6.880000114440918,6.829999923706055,15500.0
AAWW,2022-02-02,81.66999816894531,80.80999755859375,587300.0
AAWW,2022-02-03,80.48999786376953,79.87999725341797,672100.0
AAXJ,2022-02-02,82.45999908447266,81.93000030517578,923700.0
AAXJ,2022-02-03,81.0999984741211,81.06999969482422,699700.0
ABCB,2022-02-02,48.7599983215332,49.150001525878906,597300.0
ABCB,2022-02-03,49.18000030517578,48.52000045776367,286298.0
ABCL,2022-02-02,9.385000228881836,9.279999732971191,2889800.0
ABCL,2022-02-03,9.100000381469727,9.34000015258789,2543500.0
ABCM,2022-02-02,18.229999542236328,18.25,171800.0
ABCM,2022-02-03,17.799999237060547,17.6299991607666,141500.0
ABEO,2022-02-02,0.30000001192092896,0.25999999046325684,3697300.0
ABEO,2022-02-03,0.25,0.24500000476837158,1896649.0
ABGI,2022-02-02,9.720000267028809,9.720000267028809,0.0
ABGI,2022-02-03,9.710000038146973,9.699999809265137,18900.0
ABIO,2022-02-02,1.909999966621399,1.8300000429153442,44700.0
ABIO,2022-02-03,1.840000033378601,1.840000033378601,78100.0
ABMD,2022-02-02,303.9200134277344,307.9599914550781,596400.0
ABMD,2022-02-03,296.0,290.5199890136719,740600.0
ABNB,2022-02-02,156.31300354003906,151.75999450683594,3678300.0
ABNB,2022-02-03,147.97000122070312,149.57000732421875,4565000.0
ABOS,2022-02-02,5.199999809265137,4.980000019073486,228100.0
ABOS,2022-02-03,4.860000133514404,4.789999961853027,142300.0
ABSI,2022-02-02,7.28000020980835,7.380000114440918,466000.0
ABSI,2022-02-03,7.119999885559082,6.960000038146973,456400.0
ABST,2022-02-02,8.199999809265137,7.960000038146973,107500.0
ABST,2022-02-03,7.840000152587891,7.710000038146973,111200.0
ABTX,2022-02-02,43.13999938964844,42.2599983215332,56900.0
ABTX,2022-02-03,42.310001373291016,41.88999938964844,44500.0
ABUS,2022-02-02,3.130000114440918,2.890000104904175,7397100.0
ABUS,2022-02-03,2.809999942779541,2.759999990463257,2049700.0
ABVC,2022-02-02,2.700000047683716,2.569999933242798,23600.0
ABVC,2022-02-03,2.450000047683716,2.4800000190734863,22200.0
ACABU,2022-02-02,9.989999771118164,9.989999771118164,400.0
ACABU,2022-02-03,9.989999771118164,9.989999771118164,5300.0
ACAD,2022-02-02,23.799999237060547,23.40999984741211,1308600.0
ACAD,2022-02-03,23.110000610351562,23.1299991607666,982100.0
ACAH,2022-02-02,9.920000076293945,9.890000343322754,1300.0
ACAH,2022-02-03,9.899999618530273,9.869999885559082,6300.0
ACAHU,2022-02-02,10.029999732971191,10.039999961853027,10100.0
ACAHW,2022-02-02,0.0,0.3499999940395355,728.0
ACAXU,2022-02-02,9.960000038146973,9.960000038146973,847600.0
ACAXU,2022-02-04,9.979999542236328,9.960000038146973,1453.0
ACB,2022-02-02,4.5,4.260000228881836,4132600.0
ACB,2022-02-03,4.139999866485596,3.9600000381469727,4408200.0
ACBA,2022-02-02,10.135000228881836,10.135000228881836,0.0
ACBA,2022-02-03,10.135000228881836,10.135000228881836,0.0
ACBAU,2022-02-02,10.239999771118164,10.239999771118164,0.0
ACBI,2022-02-02,30.309999465942383,30.290000915527344,96500.0
ACBI,2022-02-03,30.149999618530273,30.149999618530273,167500.0
ACCD,2022-02-02,20.0,19.299999237060547,804800.0
ACCD,2022-02-03,18.34000015258789,18.700000762939453,766200.0
ACER,2022-02-02,2.0999999046325684,2.1500000953674316,66400.0
ACER,2022-02-03,2.069999933242798,2.0999999046325684,18500.0
ACET,2022-02-02,13.109999656677246,12.520000457763672,118700.0
ACET,2022-02-03,12.399999618530273,12.130000114440918,189800.0
ACEV,2022-02-02,9.989999771118164,10.0,238500.0
ACEV,2022-02-04,9.979999542236328,9.989999771118164,1433.0
ACEVU,2022-02-02,10.199999809265137,10.180000305175781,900.0
ACEVU,2022-02-04,10.0,10.149999618530273,80.0
ACEVW,2022-02-03,1.25,0.490200012922287,102835.0
ACGL,2022-02-02,47.31999969482422,47.939998626708984,1818800.0
ACGL,2022-02-03,47.88999938964844,47.790000915527344,1015400.0
ACGLN,2022-02-02,24.25,24.0,113500.0
ACGLN,2022-02-03,23.940000534057617,23.690000534057617,26700.0
ACGLO,2022-02-02,25.549999237060547,25.540000915527344,27800.0
ACGLO,2022-02-03,25.540000915527344,25.479999542236328,21800.0
ACHC,2022-02-02,53.04999923706055,53.5,385900.0
ACHC,2022-02-03,53.040000915527344,52.529998779296875,385600.0
ACHL,2022-02-02,3.7200000286102295,3.619999885559082,178000.0
ACHL,2022-02-03,3.5999999046325684,3.450000047683716,59400.0
ACHV,2022-02-02,7.550000190734863,7.440000057220459,24200.0
ACHV,2022-02-03,7.360000133514404,7.239999771118164,21300.0
ACIU,2022-02-02,4.699999809265137,4.659999847412109,66600.0
ACIU,2022-02-03,4.559999942779541,4.670000076293945,95400.0
ACIW,2022-02-02,34.349998474121094,34.04999923706055,515300.0
ACIW,2022-02-03,33.470001220703125,33.09000015258789,434800.0
ACKIU,2022-02-02,10.279999732971191,10.279999732971191,300.0
ACKIU,2022-02-03,10.279999732971191,10.279999732971191,0.0
ACKIW,2022-02-03,0.6700000166893005,0.460099995136261,149.0
ACLS,2022-02-02,64.13999938964844,63.58000183105469,301300.0
ACLS,2022-02-03,61.88999938964844,61.13999938964844,319000.0
ACMR,2022-02-02,83.37999725341797,80.63999938964844,142000.0
ACMR,2022-02-03,78.0999984741211,77.41999816894531,430900.0
ACNB,2022-02-02,31.920000076293945,32.29999923706055,24800.0
ACNB,2022-02-03,32.0,32.36000061035156,9500.0
ACOR,2022-02-02,1.8899999856948853,1.8600000143051147,76000.0
ACOR,2022-02-03,1.8300000429153442,1.840000033378601,51800.0
ACQR,2022-02-02,9.720000267028809,9.720000267028809,0.0
ACQR,2022-02-03,9.680000305175781,9.720000267028809,7400.0
ACQRU,2022-02-02,9.949999809265137,9.949999809265137,0.0
ACQRW,2022-02-02,0.0,0.5400000214576721,6910.0
ACRS,2022-02-02,11.609999656677246,11.4399995803833,420400.0
ACRS,2022-02-03,11.050000190734863,10.829999923706055,565700.0
ACRX,2022-02-02,0.49000000953674316,0.46000000834465027,397200.0
ACRX,2022-02-03,0.4399999976158142,0.41999998688697815,483100.0
ACST,2022-02-02,1.2100000381469727,1.159999966621399,220200.0
ACST,2022-02-03,1.1299999952316284,1.1399999856948853,195800.0
ACT,2022-02-02,21.530000686645508,21.639999389648438,200900.0
ACT,2022-02-03,21.700000762939453,21.25,173900.0
ACTD,2022-02-02,9.890000343322754,9.850000381469727,441400.0
ACTD,2022-02-03,9.859999656677246,9.890000343322754,237500.0
ACTDU,2022-02-02,10.109999656677246,10.109999656677246,1800.0
ACTDU,2022-02-03,10.109999656677246,10.109999656677246,0.0
ACTDW,2022-02-03,1.309999942779541,1.4800000190734863,22.0
ACTG,2022-02-02,4.510000228881836,4.460000038146973,249300.0
ACTG,2022-02-03,4.389999866485596,4.199999809265137,397200.0
ACVA,2022-02-02,13.350000381469727,12.170000076293945,1002800.0
ACVA,2022-02-04,12.0,11.710000038146973,7437.0
ACWI,2022-02-02,102.37999725341797,102.4000015258789,2463300.0
ACWI,2022-02-03,101.11000061035156,100.44000244140625,21241700.0
ACWX,2022-02-02,54.97999954223633,54.88999938964844,2694300.0
ACWX,2022-02-03,54.29999923706055,54.09000015258789,3338800.0
ACXP,2022-02-02,4.090000152587891,4.079999923706055,28900.0
ACXP,2022-02-03,3.9670000076293945,3.990000009536743,8400.0
ADAG,2022-02-02,7.400000095367432,7.360000133514404,2200.0
ADAG,2022-02-03,7.309999942779541,7.239999771118164,3500.0
ADAL,2022-02-02,9.90999984741211,9.90999984741211,0.0
ADAL,2022-02-03,9.90999984741211,9.90999984741211,0.0
ADALU,2022-02-02,10.09000015258789,10.09000015258789,0.0
ADALW,2022-02-02,0.4749999940395355,0.4749999940395355,5800.0
ADALW,2022-02-03,0.4749999940395355,0.4749999940395355,0.0
ADAP,2022-02-02,2.9800000190734863,2.799999952316284,481100.0
ADAP,2022-02-03,2.7100000381469727,2.7100000381469727,412200.0
ADBE,2022-02-02,536.25,533.0900268554688,2490400.0
ADBE,2022-02-04,522.8699951171875,507.1499938964844,113747.0
ADER,2022-02-02,9.890000343322754,9.850000381469727,218900.0
ADERU,2022-02-02,10.039999961853027,10.029999732971191,10000.0
ADERU,2022-02-03,10.029999732971191,10.029999732971191,0.0
ADERW,2022-02-03,0.800000011920929,0.41990000009536743,300.0
ADES,2022-02-02,6.420000076293945,6.610000133514404,123500.0
ADES,2022-02-04,6.400000095367432,6.340000152587891,727.0
ADGI,2022-02-02,7.800000190734863,7.900000095367432,2933200.0
ADGI,2022-02-03,7.519999980926514,7.849999904632568,1645900.0
ADI,2022-02-02,165.42999267578125,168.91000366210938,2824500.0
ADI,2022-02-03,165.63999938964844,162.02000427246094,4452100.0
ADIL,2022-02-02,2.25,2.200000047683716,50700.0
ADIL,2022-02-03,2.180000066757202,2.119999885559082,62400.0
ADILW,2022-02-02,0.660099983215332,0.6797000169754028,1490.0
ADMA,2022-02-02,1.6200000047683716,1.5700000524520874,2606600.0
ADMA,2022-02-03,1.5499999523162842,1.5399999618530273,3433100.0
ADMP,2022-02-02,0.6200000047683716,0.6200000047683716,628000.0
ADMP,2022-02-03,0.6100000143051147,0.6000000238418579,600400.0
ADN,2022-02-02,4.429999828338623,4.150000095367432,223300.0
ADN,2022-02-03,4.059999942779541,3.940000057220459,296800.0
ADNWW,2022-02-03,1.7899999618530273,0.5649999976158142,24727.0
ADOC,2022-02-02,10.260000228881836,10.260000228881836,1779000.0
ADOC,2022-02-03,10.267000198364258,10.25,32000.0
ADOCW,2022-02-03,0.30000001192092896,0.1307000070810318,54986.0
ADP,2022-02-02,205.55999755859375,207.89999389648438,2149900.0
ADP,2022-02-03,204.3300018310547,205.1300048828125,1935900.0
ADPT,2022-02-02,17.770000457763672,16.770000457763672,948500.0
ADPT,2022-02-03,16.190000534057617,15.90999984741211,1133700.0
ADRE,2022-02-02,47.599998474121094,46.97999954223633,15000.0
ADRE,2022-02-03,46.529998779296875,46.11000061035156,7400.0
ADSE,2022-02-02,8.770000457763672,8.569999694824219,12800.0
ADSE,2022-02-03,8.630000114440918,8.220000267028809,107300.0
ADSEW,2022-02-03,1.1100000143051147,0.8500000238418579,20656.0
ADSK,2022-02-02,250.92999267578125,248.0,1431800.0
ADSK,2022-02-03,242.4499969482422,237.75999450683594,1570000.0
ADTH,2022-02-02,5.929999828338623,5.690000057220459,80200.0
ADTH,2022-02-03,5.53000020980835,5.670000076293945,83900.0
ADTHW,2022-02-03,0.8100000023841858,0.6660000085830688,24353.0
ADTN,2022-02-02,19.290000915527344,18.93000030517578,707800.0
ADTN,2022-02-03,19.5,20.079999923706055,1337800.0
ADTX,2022-02-02,0.47200000286102295,0.4259999990463257,687500.0
ADTX,2022-02-04,0.44999998807907104,0.44999998807907104,34560.0
ADUS,2022-02-02,80.61000061035156,77.79000091552734,81700.0
ADUS,2022-02-03,77.08999633789062,75.83000183105469,93100.0
ADV,2022-02-02,7.360000133514404,7.309999942779541,276400.0
ADV,2022-02-03,7.159999847412109,7.360000133514404,357700.0
ADVM,2022-02-02,1.649999976158142,1.559999942779541,553100.0
ADVM,2022-02-03,1.5499999523162842,1.5,652600.0
ADVWW,2022-02-02,1.899999976158142,2.2799999713897705,14696.0
ADXN,2022-02-02,5.736999988555908,5.39300012588501,4900.0
ADXN,2022-02-04,5.809999942779541,5.71999979019165,1.0
AEAC,2022-02-02,9.739999771118164,9.729999542236328,18500.0
AEACU,2022-02-02,9.954999923706055,9.954999923706055,0.0
AEACU,2022-02-03,9.954999923706055,9.954999923706055,300.0
AEACW,2022-02-02,0.6622999906539917,0.47999998927116394,62203.0
AEAE,2022-02-02,9.84000015258789,9.859999656677246,19800.0
AEAEU,2022-02-02,10.140000343322754,10.109999656677246,12433.0
AEAEU,2022-02-03,10.109999656677246,10.109999656677246,0.0
AEAEW,2022-02-02,0.6200000047683716,0.4896000027656555,1136.0
AEHA,2022-02-02,10.010000228881836,10.020000457763672,2200.0
AEHA,2022-02-03,10.020000457763672,10.020000457763672,0.0
AEHAU,2022-02-02,10.170000076293945,10.170000076293945,0.0
AEHL,2022-02-02,1.3300000429153442,1.2300000190734863,36800.0
AEHL,2022-02-03,1.190000057220459,1.3600000143051147,343600.0
AEHR,2022-02-02,13.5,12.579999923706055,900500.0
AEHR,2022-02-03,12.140000343322754,11.770000457763672,572300.0
AEI,2022-02-02,0.3930000066757202,0.37400001287460327,711700.0
AEI,2022-02-04,0.3499999940395355,0.35019999742507935,10650.0
AEIS,2022-02-02,86.4000015258789,86.5,296200.0
AEIS,2022-02-03,86.06999969482422,83.87000274658203,205300.0
AEMD,2022-02-02,1.5099999904632568,1.5,55500.0
AEMD,2022-02-03,1.4500000476837158,1.440000057220459,32100.0
AEP,2022-02-02,88.44000244140625,89.87999725341797,3517500.0
AEP,2022-02-04,89.2699966430664,89.70999908447266,59565.0
AEPPL,2022-02-02,50.349998474121094,50.439998626708984,544100.0
AEPPL,2022-02-04,50.439998626708984,50.36000061035156,34.0
AEPPZ,2022-02-02,52.18000030517578,52.5,8600.0
AEPPZ,2022-02-04,53.060001373291016,52.52000045776367,5.0
AERC,2022-02-02,4.940000057220459,4.570000171661377,190100.0
AERC,2022-02-03,4.670000076293945,4.429999828338623,182000.0
AERI,2022-02-02,7.460000038146973,7.179999828338623,714000.0
AERI,2022-02-03,7.03000020980835,6.760000228881836,1007800.0
AESE,2022-02-02,1.8700000047683716,1.8300000429153442,123700.0
AESE,2022-02-03,1.7999999523162842,1.7999999523162842,128500.0
AEY,2022-02-02,1.309999942779541,1.2999999523162842,13800.0
AEY,2022-02-03,1.2100000381469727,1.2200000286102295,13900.0
AEYE,2022-02-02,5.989999771118164,5.900000095367432,12900.0
AEYE,2022-02-04,5.510000228881836,5.510000228881836,300.0
AEZS,2022-02-02,0.3700000047683716,0.36000001430511475,525600.0
AEZS,2022-02-03,0.3499999940395355,0.3499999940395355,521200.0
AFAC,2022-02-02,9.960000038146973,9.9399995803833,120300.0
AFAC,2022-02-03,9.930000305175781,9.925000190734863,300.0
AFACU,2022-02-02,10.100000381469727,10.119999885559082,3046.0
AFACU,2022-02-03,10.119999885559082,10.119999885559082,0.0
AFAQ,2022-02-02,9.670000076293945,9.692999839782715,32100.0
AFAQU,2022-02-02,9.850000381469727,9.850000381469727,0.0
AFAQU,2022-02-03,9.850000381469727,9.850000381469727,0.0
AFAQW,2022-02-02,0.6722999811172485,0.4449000060558319,6568.0
AFBI,2022-02-02,15.59000015258789,15.130000114440918,11800.0
AFBI,2022-02-03,15.0,15.25,5500.0
AFCG,2022-02-02,20.200000762939453,20.079999923706055,104400.0
AFCG,2022-02-03,19.8799991607666,19.84000015258789,87100.0
AFIB,2022-02-02,2.380000114440918,2.2200000286102295,524300.0
AFIB,2022-02-03,2.200000047683716,2.0899999141693115,321000.0
AFIN,2022-02-02,8.210000038146973,8.25,1108800.0
AFIN,2022-02-03,8.25,8.119999885559082,576900.0
AFINO,2022-02-02,26.75,26.549999237060547,9300.0
AFINO,2022-02-03,26.540000915527344,26.600000381469727,5600.0
AFINP,2022-02-02,27.1200008392334,27.0,8100.0
AFINP,2022-02-04,26.700000762939453,26.68000030517578,10.0
AFMD,2022-02-02,4.239999771118164,3.9600000381469727,686200.0
AFMD,2022-02-04,3.8898000717163086,3.8399999141693115,18042.0
AFRM,2022-02-02,64.26000213623047,60.88999938964844,13944900.0
AFRM,2022-02-03,56.9900016784668,57.4900016784668,9007800.0
AFYA,2022-02-02,14.770000457763672,14.399999618530273,331000.0
AFYA,2022-02-03,14.34000015258789,14.0,430100.0
AGBA,2022-02-02,11.039999961853027,11.039999961853027,200.0
AGBA,2022-02-03,11.039999961853027,11.039999961853027,0.0
AGEN,2022-02-02,2.7100000381469727,2.509999990463257,4334200.0
AGEN,2022-02-04,2.369999885559082,2.3508999347686768,126420.0
AGFS,2022-02-02,1.9299999475479126,1.9900000095367432,62100.0
AGFS,2022-02-03,1.9500000476837158,1.9900000095367432,35600.0
AGFY,2022-02-02,6.489999771118164,6.420000076293945,857900.0
AGFY,2022-02-03,6.320000171661377,6.570000171661377,628000.0
AGGR,2022-02-02,9.699999809265137,9.699999809265137,3400.0
AGGR,2022-02-03,9.670000076293945,9.680000305175781,5900.0
AGGRU,2022-02-02,9.829999923706055,9.829999923706055,0.0
AGGRU,2022-02-03,9.850000381469727,9.850000381469727,500.0
AGGRW,2022-02-03,0.0,0.5,100.0
AGIL,2022-02-02,5.340000152587891,5.130000114440918,87100.0
AGIL,2022-02-04,4.619999885559082,4.449999809265137,1073.0
AGILW,2022-02-02,1.0700000524520874,0.4099999964237213,10.0
AGIO,2022-02-02,31.670000076293945,30.030000686645508,644000.0
AGIO,2022-02-03,29.799999237060547,28.889999389648438,437100.0
AGLE,2022-02-02,4.409999847412109,4.269999980926514,238000.0
AGLE,2022-02-03,4.230000019073486,4.190000057220459,150100.0
AGMH,2022-02-02,1.9500000476837158,1.7799999713897705,103500.0
AGMH,2022-02-03,1.781000018119812,1.7100000381469727,29500.0
AGNC,2022-02-02,14.640000343322754,14.470000267028809,10186700.0
AGNC,2022-02-03,14.420000076293945,14.210000038146973,8651000.0
AGNCM,2022-02-02,25.079999923706055,24.799999237060547,25600.0
AGNCM,2022-02-03,24.700000762939453,24.790000915527344,20700.0
AGNCN,2022-02-02,25.0,25.0,48100.0
AGNCN,2022-02-04,24.81999969482422,24.799999237060547,1125.0
AGNCO,2022-02-02,24.959999084472656,24.75,61800.0
AGNCO,2022-02-03,24.729999542236328,24.530000686645508,99900.0
AGNCP,2022-02-02,24.559999465942383,24.18000030517578,96900.0
AGNCP,2022-02-04,24.0,23.850000381469727,2.0
AGNG,2022-02-02,27.0,26.989999771118164,3500.0
AGNG,2022-02-03,26.809999465942383,26.559999465942383,11500.0
AGRI,2022-02-02,1.4900000095367432,1.6799999475479126,1183600.0
AGRI,2022-02-03,1.649999976158142,1.5199999809265137,280500.0
AGRIW,2022-02-02,0.7283999919891357,0.4399999976158142,4258.0
AGRX,2022-02-02,0.3799999952316284,0.36800000071525574,529500.0
AGRX,2022-02-03,0.3630000054836273,0.33899998664855957,738300.0
AGTC,2022-02-02,2.0940001010894775,2.009999990463257,381900.0
AGTC,2022-02-04,2.0299999713897705,1.972000002861023,21191.0
AGYS,2022-02-02,38.54999923706055,37.45000076293945,96900.0
AGYS,2022-02-03,36.59000015258789,36.56999969482422,79600.0
AGZD,2022-02-02,46.400001525878906,46.52000045776367,18900.0
AGZD,2022-02-04,46.689998626708984,46.689998626708984,5441.0
AHCO,2022-02-02,17.8799991607666,17.65999984741211,955600.0
AHCO,2022-02-04,16.989999771118164,16.899999618530273,24022.0
AHG,2022-02-02,1.809999942779541,1.7300000190734863,66400.0
AHG,2022-02-03,1.850000023841858,1.850000023841858,74700.0
AHI,2022-02-02,2.2200000286102295,2.0899999141693115,363100.0
AHI,2022-02-03,1.909999966621399,1.940000057220459,104200.0
AHPA,2022-02-02,9.989999771118164,9.989999771118164,0.0
AHPA,2022-02-03,9.930000305175781,9.989999771118164,500.0
AHPAU,2022-02-02,10.050000190734863,10.050000190734863,0.0
AHPAU,2022-02-03,10.149999618530273,10.149999618530273,100.0
AHPAW,2022-02-01,0.6777999997138977,0.47999998927116394,3934.0
AHPI,2022-02-02,3.690000057220459,3.509999990463257,35800.0
AHPI,2022-02-03,3.4000000953674316,3.430000066757202,21700.0
AHRNU,2022-02-02,10.079999923706055,10.079999923706055,0.0
AHRNU,2022-02-03,10.079999923706055,10.079999923706055,0.0
AIA,2022-02-02,78.06999969482422,77.83999633789062,119300.0
AIA,2022-02-03,76.56999969482422,76.70999908447266,137100.0
AIBBU,2022-02-02,9.930000305175781,9.930000305175781,1800.0
AIBBU,2022-02-03,9.930000305175781,9.930000305175781,0.0
AIH,2022-02-02,3.009999990463257,3.059999942779541,27600.0
AIH,2022-02-04,2.6600000858306885,2.6600000858306885,259.0
AIHS,2022-02-02,0.3449999988079071,0.3400000035762787,255100.0
AIHS,2022-02-03,0.3310000002384186,0.33500000834465027,127200.0
AIKI,2022-02-02,0.5,0.49000000953674316,724800.0
AIKI,2022-02-03,0.47999998927116394,0.46000000834465027,771600.0
AIMC,2022-02-02,48.880001068115234,48.349998474121094,383500.0
AIMC,2022-02-04,47.220001220703125,47.900001525878906,3066.0
AINV,2022-02-02,13.329999923706055,13.3100004196167,236800.0
AINV,2022-02-03,13.229999542236328,13.119999885559082,268000.0
AIP,2022-02-02,15.65999984741211,15.850000381469727,89300.0
AIP,2022-02-03,15.149999618530273,14.279999732971191,42800.0
AIQ,2022-02-02,29.280000686645508,28.8799991607666,19600.0
AIQ,2022-02-03,28.049999237060547,27.670000076293945,17700.0
AIRG,2022-02-02,9.609999656677246,9.329999923706055,29100.0
AIRG,2022-02-04,9.369999885559082,9.5,831.0
AIRR,2022-02-02,41.470001220703125,40.68000030517578,56700.0
AIRR,2022-02-03,40.33000183105469,40.16999816894531,170400.0
AIRS,2022-02-02,14.510000228881836,13.850000381469727,96700.0
AIRS,2022-02-03,13.550000190734863,13.59000015258789,44500.0
AIRT,2022-02-02,25.700000762939453,23.700000762939453,55600.0
AIRT,2022-02-04,23.469999313354492,22.200000762939453,167.0
AIRTP,2022-02-02,24.100000381469727,23.97100067138672,1100.0
AIRTP,2022-02-03,24.100000381469727,24.100000381469727,800.0
AKAM,2022-02-02,114.91000366210938,115.81999969482422,1346000.0
AKAM,2022-02-04,114.19000244140625,114.2699966430664,24919.0
AKBA,2022-02-02,2.0199999809265137,1.8700000047683716,3349400.0
AKBA,2022-02-03,1.8600000143051147,1.7799999713897705,3313400.0
AKIC,2022-02-02,9.880000114440918,9.880000114440918,7900.0
AKIC,2022-02-03,9.8100004196167,9.880000114440918,1100.0
AKICU,2022-02-02,10.194999694824219,10.0600004196167,2100.0
AKICU,2022-02-03,10.0600004196167,10.0600004196167,0.0
AKICW,2022-02-03,0.7699999809265137,0.8999999761581421,1170.0
AKRO,2022-02-02,17.899999618530273,17.75,263500.0
AKRO,2022-02-03,17.309999465942383,17.389999389648438,241800.0
AKTS,2022-02-02,6.21999979019165,6.010000228881836,652200.0
AKTS,2022-02-04,5.619999885559082,5.485000133514404,29844.0
AKTX,2022-02-02,1.3489999771118164,1.3300000429153442,70800.0
AKTX,2022-02-03,1.3309999704360962,1.3200000524520874,15600.0
AKU,2022-02-02,1.4500000476837158,1.309999942779541,77800.0
AKU,2022-02-03,1.350000023841858,1.309999942779541,78100.0
AKUS,2022-02-02,6.800000190734863,6.130000114440918,143900.0
AKUS,2022-02-03,6.070000171661377,5.869999885559082,164300.0
AKYA,2022-02-02,11.789999961853027,11.260000228881836,52700.0
AKYA,2022-02-03,11.09000015258789,10.930000305175781,56100.0
ALAC,2022-02-02,11.850000381469727,11.869999885559082,22700.0
ALAC,2022-02-03,11.869999885559082,11.869999885559082,2000.0
ALACR,2022-02-03,0.3450999855995178,0.37450000643730164,14238.0
ALACW,2022-02-03,0.40540000796318054,0.14720000326633453,98951.0
ALBO,2022-02-02,29.899999618530273,30.1200008392334,355200.0
ALBO,2022-02-03,29.600000381469727,28.809999465942383,249200.0
ALCO,2022-02-02,35.529998779296875,35.09000015258789,56900.0
ALCO,2022-02-03,34.72999954223633,33.189998626708984,120200.0
ALDX,2022-02-02,3.7300000190734863,3.5199999809265137,1180300.0
ALDX,2022-02-03,3.5299999713897705,3.440000057220459,619900.0
ALEC,2022-02-02,15.420000076293945,15.4399995803833,1603100.0
ALEC,2022-02-04,14.9399995803833,15.029999732971191,14735.0
ALF,2022-02-02,1.7899999618530273,1.7400000095367432,26700.0
ALF,2022-02-03,1.6100000143051147,1.6200000047683716,243300.0
ALFIW,2022-02-02,0.0,0.42719998955726624,123.0
ALGM,2022-02-02,29.649999618530273,28.6299991607666,768100.0
ALGM,2022-02-03,28.1200008392334,27.56999969482422,621100.0
ALGN,2022-02-02,511.239990234375,505.6199951171875,1593900.0
ALGN,2022-02-03,480.3599853515625,503.30999755859375,1889700.0
ALGS,2022-02-02,3.299999952316284,2.950000047683716,830700.0
ALGS,2022-02-03,2.869999885559082,2.940000057220459,834300.0
ALGT,2022-02-02,180.89999389648438,176.1699981689453,290600.0
ALGT,2022-02-03,178.75,175.13999938964844,264400.0
ALHC,2022-02-02,7.699999809265137,7.75,1641300.0
ALHC,2022-02-03,8.010000228881836,7.71999979019165,1570400.0
ALIM,2022-02-02,4.489999771118164,4.409999847412109,1011100.0
ALIM,2022-02-04,4.340000152587891,4.53000020980835,63.0
ALJJ,2022-02-02,1.7000000476837158,1.840000033378601,100700.0
ALJJ,2022-02-03,1.7599999904632568,1.8300000429153442,83100.0
ALKS,2022-02-02,25.09000015258789,24.59000015258789,1080200.0
ALKS,2022-02-03,24.459999084472656,23.989999771118164,1211200.0
ALKT,2022-02-02,16.0,15.079999923706055,212800.0
ALKT,2022-02-03,14.5,14.600000381469727,155400.0
ALLK,2022-02-02,7.03000020980835,6.860000133514404,2154300.0
ALLK,2022-02-03,6.75,6.539999961853027,1723400.0
ALLO,2022-02-02,11.859999656677246,11.109999656677246,932200.0
ALLO,2022-02-03,11.029999732971191,10.600000381469727,1096000.0
ALLR,2022-02-02,9.670000076293945,9.300000190734863,26200.0
ALLR,2022-02-04,8.979999542236328,9.039999961853027,2334.0
ALLT,2022-02-02,9.739999771118164,9.0600004196167,351900.0
ALLT,2022-02-04,8.569999694824219,8.619999885559082,1883.0
ALNA,2022-02-02,0.4000000059604645,0.3880000114440918,990100.0
ALNA,2022-02-03,0.38999998569488525,0.375,649600.0
ALNY,2022-02-02,144.6699981689453,145.25999450683594,670600.0
ALNY,2022-02-04,141.58999633789062,141.47500610351562,22278.0
ALOR,2022-02-02,9.949999809265137,9.960000038146973,12500.0
ALOR,2022-02-03,10.25,9.864999771118164,6900.0
ALORU,2022-02-02,10.09000015258789,10.09000015258789,200.0
ALORW,2022-02-02,0.28999999165534973,0.3400000035762787,2.0
ALOT,2022-02-02,14.0,13.800000190734863,5000.0
ALOT,2022-02-03,13.899999618530273,14.0,2000.0
ALPA,2022-02-02,9.619999885559082,9.619999885559082,0.0
ALPA,2022-02-03,9.649999618530273,9.649999618530273,100.0
ALPAU,2022-02-02,9.770000457763672,9.770000457763672,0.0
ALPAW,2022-02-01,0.0,0.7599999904632568,470.0
ALPN,2022-02-02,8.069999694824219,7.53000020980835,46200.0
ALPN,2022-02-03,7.489999771118164,7.269999980926514,48400.0
ALPP,2022-02-02,1.6200000047683716,1.5700000524520874,491300.0
ALPP,2022-02-03,1.5499999523162842,1.559999942779541,679100.0
ALR,2022-02-02,2.990000009536743,2.9100000858306885,31100.0
ALR,2022-02-03,2.950000047683716,2.890000104904175,28200.0
ALRM,2022-02-02,73.47000122070312,72.30000305175781,298900.0
ALRM,2022-02-03,70.7300033569336,69.83999633789062,242000.0
ALRN,2022-02-02,0.44999998807907104,0.4569999873638153,338000.0
ALRN,2022-02-03,0.4740000069141388,0.43700000643730164,237200.0
ALRS,2022-02-02,28.270000457763672,28.350000381469727,34700.0
ALRS,2022-02-03,28.229999542236328,28.510000228881836,23600.0
ALSA,2022-02-02,9.800000190734863,9.819999694824219,42500.0
ALSA,2022-02-03,9.8100004196167,9.800000190734863,296900.0
ALSAU,2022-02-02,10.180000305175781,10.180000305175781,0.0
ALSAU,2022-02-03,10.210000038146973,10.210000038146973,2000.0
ALSAW,2022-02-02,0.125,0.1298999935388565,63815.0
ALT,2022-02-02,8.020000457763672,7.53000020980835,759600.0
ALT,2022-02-03,7.53000020980835,7.46999979019165,546000.0
ALTM,2022-02-02,66.04000091552734,66.31999969482422,83800.0
ALTM,2022-02-04,66.12000274658203,66.12000274658203,287.0
ALTO,2022-02-02,5.289999961853027,5.139999866485596,1457900.0
ALTO,2022-02-03,5.070000171661377,5.0,1223800.0
ALTR,2022-02-02,62.59000015258789,61.41999816894531,148400.0
ALTR,2022-02-03,59.939998626708984,59.47999954223633,133500.0
ALTU,2022-02-02,9.890000343322754,9.899999618530273,19500.0
ALTU,2022-02-03,9.890000343322754,9.899999618530273,14500.0
ALTUU,2022-02-02,10.050000190734863,10.09000015258789,10700.0
ALTUU,2022-02-03,10.029999732971191,10.0600004196167,2300.0
ALTUW,2022-02-02,0.3109999895095825,0.34299999475479126,8100.0
ALTUW,2022-02-03,0.3100000023841858,0.3400000035762787,2700.0
ALTY,2022-02-02,13.359999656677246,13.100000381469727,68800.0
ALTY,2022-02-03,13.100000381469727,12.949999809265137,53600.0
ALVR,2022-02-02,8.479999542236328,7.900000095367432,750400.0
ALVR,2022-02-03,7.489999771118164,7.679999828338623,738400.0
ALXO,2022-02-02,16.450000762939453,14.380000114440918,793600.0
ALXO,2022-02-04,13.760000228881836,13.63230037689209,20256.0
ALYA,2022-02-02,2.9000000953674316,2.950000047683716,53500.0
ALYA,2022-02-04,2.8499999046325684,2.8499999046325684,206.0
ALZN,2022-02-02,1.559999942779541,1.5099999904632568,579100.0
ALZN,2022-02-03,1.440000057220459,1.4500000476837158,473700.0
AMAL,2022-02-02,16.8799991607666,16.68000030517578,27600.0
AMAL,2022-02-04,16.68000030517578,16.700000762939453,248.0
AMAO,2022-02-02,10.0600004196167,10.0600004196167,0.0
AMAOU,2022-02-02,10.199999809265137,10.199999809265137,0.0
AMAOU,2022-02-03,10.199999809265137,10.199999809265137,0.0
AMAT,2022-02-02,140.6999969482422,140.75999450683594,8127000.0
AMAT,2022-02-04,134.33999633789062,134.38999938964844,345462.0
AMBA,2022-02-02,145.0399932861328,140.6300048828125,387900.0
AMBA,2022-02-04,133.66000366210938,132.2899932861328,13748.0
AMCI,2022-02-02,9.640000343322754,9.640000343322754,100.0
AMCIU,2022-02-02,9.850000381469727,9.850000381469727,100.0
AMCIW,2022-02-02,0.0,0.47999998927116394,182.0
AMCX,2022-02-02,41.81999969482422,41.20000076293945,268200.0
AMCX,2022-02-04,40.06999969482422,40.61000061035156,8476.0
AMD,2022-02-02,129.88999938964844,122.76000213623047,180065000.0
AMD,2022-02-03,120.31999969482422,120.08000183105469,103388600.0
AMED,2022-02-02,131.60000610351562,132.89999389648438,342200.0
AMED,2022-02-03,130.27000427246094,132.88999938964844,271600.0
AMEH,2022-02-02,53.029998779296875,51.290000915527344,250700.0
AMEH,2022-02-03,49.91999816894531,50.709999084472656,291000.0
AMGN,2022-02-02,228.13999938964844,228.92999267578125,2397800.0
AMGN,2022-02-03,228.66000366210938,224.0399932861328,3002400.0
AMKR,2022-02-02,22.25,22.09000015258789,882100.0
AMKR,2022-02-03,21.6299991607666,21.18000030517578,778400.0
AMLX,2022-02-02,23.979999542236328,22.40999984741211,236100.0
AMLX,2022-02-04,22.969999313354492,23.389999389648438,2057.0
AMNB,2022-02-02,37.900001525878906,37.68000030517578,22700.0
AMNB,2022-02-03,37.68000030517578,37.72999954223633,17200.0
AMOT,2022-02-02,37.54999923706055,37.04999923706055,41300.0
AMOT,2022-02-03,36.470001220703125,35.529998779296875,27200.0
AMPG,2022-02-02,2.9000000953674316,2.740000009536743,62800.0
AMPG,2022-02-03,3.0199999809265137,2.6600000858306885,90500.0
AMPGW,2022-02-02,0.8500000238418579,0.8799999952316284,500.0
AMPH,2022-02-02,24.34000015258789,25.329999923706055,378000.0
AMPH,2022-02-03,25.100000381469727,25.440000534057617,273100.0
AMPL,2022-02-02,41.08000183105469,39.25,758600.0
AMPL,2022-02-03,37.790000915527344,33.220001220703125,1639900.0
AMRK,2022-02-02,64.5199966430664,64.31999969482422,54000.0
AMRK,2022-02-03,64.04000091552734,63.18000030517578,64300.0
AMRN,2022-02-02,3.7899999618530273,3.5999999046325684,3962200.0
AMRN,2022-02-04,3.6600000858306885,3.6050000190734863,161704.0
AMRS,2022-02-02,4.690000057220459,4.53000020980835,5216100.0
AMRS,2022-02-03,4.389999866485596,4.010000228881836,6572900.0
AMSC,2022-02-02,8.720000267028809,8.180000305175781,290800.0
AMSC,2022-02-03,7.849999904632568,7.880000114440918,294000.0
AMSF,2022-02-02,52.439998626708984,52.16999816894531,53300.0
AMSF,2022-02-03,52.060001373291016,51.720001220703125,43500.0
AMST,2022-02-02,0.847000002861023,0.8899999856948853,265300.0
AMST,2022-02-03,0.8899999856948853,0.7879999876022339,113700.0
AMSWA,2022-02-02,22.6200008392334,22.170000076293945,96100.0
AMSWA,2022-02-03,21.920000076293945,21.299999237060547,119300.0
AMTB,2022-02-02,35.91999816894531,34.470001220703125,86100.0
AMTB,2022-02-03,34.75,34.5,107000.0
AMTI,2022-02-02,10.300000190734863,8.829999923706055,276100.0
AMTI,2022-02-03,8.789999961853027,8.399999618530273,178500.0
AMTX,2022-02-02,9.710000038146973,8.989999771118164,822700.0
AMTX,2022-02-03,8.680000305175781,8.569999694824219,389100.0
AMWD,2022-02-02,59.45000076293945,58.29999923706055,136500.0
AMWD,2022-02-03,57.720001220703125,56.97999954223633,208800.0
AMYT,2022-02-02,10.050000190734863,10.140000343322754,54300.0
AMYT,2022-02-03,10.069999694824219,9.970000267028809,24400.0
AMZN,2022-02-02,3101.010009765625,3012.25,4366500.0
AMZN,2022-02-03,2834.75,2776.909912109375,11172200.0
ANAB,2022-02-02,31.790000915527344,31.1299991607666,144500.0
ANAB,2022-02-03,30.84000015258789,30.09000015258789,96500.0
ANAT,2022-02-02,188.6999969482422,189.5,59900.0
ANAT,2022-02-03,189.32000732421875,189.47999572753906,58500.0
ANDE,2022-02-02,37.790000915527344,37.900001525878906,192600.0
ANDE,2022-02-03,37.779998779296875,37.189998626708984,129500.0
ANEB,2022-02-02,7.519999980926514,7.550000190734863,4800.0
ANEB,2022-02-03,7.570000171661377,7.570000171661377,300.0
ANGI,2022-02-02,8.579999923706055,8.420000076293945,1506900.0
ANGI,2022-02-04,7.980000019073486,7.889999866485596,36361.0
ANGL,2022-02-02,31.700000762939453,31.649999618530273,3112700.0
ANGL,2022-02-03,31.520000457763672,31.34000015258789,2093400.0
ANGN,2022-02-02,2.9000000953674316,2.759999990463257,73500.0
ANGN,2022-02-03,2.680000066757202,2.549999952316284,106000.0
ANGO,2022-02-02,21.280000686645508,20.90999984741211,286200.0
ANGO,2022-02-04,20.440000534057617,20.260000228881836,10159.0
ANIK,2022-02-02,31.670000076293945,30.290000915527344,74800.0
ANIK,2022-02-04,29.8799991607666,29.8799991607666,962.0
ANIP,2022-02-02,39.189998626708984,38.810001373291016,78100.0
ANIP,2022-02-04,38.25,38.25,1295.0
ANIX,2022-02-02,3.1500000953674316,2.990000009536743,95000.0
ANIX,2022-02-03,2.990000009536743,2.9800000190734863,29200.0
ANNX,2022-02-02,8.239999771118164,7.800000190734863,231900.0
ANNX,2022-02-03,7.670000076293945,7.269999980926514,172900.0
ANPC,2022-02-02,0.875,0.8550000190734863,159000.0
ANPC,2022-02-03,0.9100000262260437,0.8209999799728394,172000.0
ANSS,2022-02-02,339.3999938964844,338.1700134277344,501100.0
ANSS,2022-02-04,323.6199951171875,323.17999267578125,17071.0
ANTE,2022-02-02,1.5499999523162842,1.5700000524520874,10100.0
ANTE,2022-02-03,1.5399999618530273,1.4500000476837158,13900.0
ANY,2022-02-02,2.380000114440918,2.3299999237060547,5251500.0
ANY,2022-02-04,2.619999885559082,2.615000009536743,6018307.0
ANZU,2022-02-02,9.729999542236328,9.729999542236328,0.0
ANZU,2022-02-03,9.729999542236328,9.729999542236328,5800.0
ANZUU,2022-02-02,9.920000076293945,9.920000076293945,0.0
ANZUW,2022-02-03,0.6100000143051147,0.47999998927116394,13398.0
AOGOU,2022-02-02,10.010000228881836,10.050000190734863,1600.0
AOGOU,2022-02-03,10.050000190734863,10.050000190734863,0.0
AOSL,2022-02-02,48.31999969482422,46.84000015258789,499600.0
AOSL,2022-02-03,45.36000061035156,44.439998626708984,288800.0
AOUT,2022-02-02,17.139999389648438,17.170000076293945,134100.0
AOUT,2022-02-03,16.93000030517578,16.549999237060547,135300.0
APA,2022-02-02,34.7599983215332,34.77000045776367,6537600.0
APA,2022-02-03,34.380001068115234,34.540000915527344,6905400.0
APAC,2022-02-02,9.90999984741211,9.90999984741211,500.0
APAC,2022-02-03,9.880000114440918,9.899999618530273,1900.0
APACU,2022-02-02,10.039999961853027,10.03499984741211,600.0
APACU,2022-02-03,10.03499984741211,10.03499984741211,0.0
APACW,2022-02-02,0.45019999146461487,0.3499000072479248,300.0
APCX,2022-02-02,2.049999952316284,1.8949999809265137,18500.0
APCX,2022-02-03,1.940000057220459,1.875,25400.0
APCXW,2022-02-03,0.32499998807907104,0.38510000705718994,14947.0
APDN,2022-02-02,3.4200000762939453,3.369999885559082,22700.0
APDN,2022-02-04,3.450000047683716,3.4000000953674316,2815.0
APEI,2022-02-02,21.479999542236328,20.8700008392334,40500.0
APEI,2022-02-04,20.059999465942383,20.059999465942383,1383.0
APEN,2022-02-02,5.610000133514404,5.360000133514404,393700.0
APEN,2022-02-03,5.28000020980835,5.230000019073486,102700.0
API,2022-02-02,11.489999771118164,10.600000381469727,724400.0
API,2022-02-04,10.369999885559082,10.130000114440918,40850.0
APLS,2022-02-02,40.86000061035156,40.459999084472656,823400.0
APLS,2022-02-03,39.93000030517578,40.290000915527344,768100.0
APLT,2022-02-02,3.240000009536743,2.950000047683716,227700.0
APLT,2022-02-03,2.930000066757202,2.75,306800.0
APM,2022-02-02,1.7999999523162842,1.8200000524520874,123100.0
APM,2022-02-03,1.7400000095367432,2.1600000858306885,1731600.0
APMI,2022-02-02,9.649999618530273,9.649999618530273,0.0
APMI,2022-02-03,9.649999618530273,9.649999618530273,0.0
APMIU,2022-02-02,9.899999618530273,9.899999618530273,0.0
APMIU,2022-02-03,9.899999618530273,9.899999618530273,0.0
APOG,2022-02-02,45.689998626708984,45.09000015258789,142100.0
APOG,2022-02-03,45.09000015258789,44.400001525878906,184400.0
APP,2022-02-02,67.81999969482422,65.22000122070312,1401500.0
APP,2022-02-03,63.029998779296875,61.310001373291016,1594400.0
APPF,2022-02-02,116.81999969482422,116.12999725341797,130300.0
APPF,2022-02-03,114.23999786376953,111.61000061035156,64600.0
APPH,2022-02-02,3.2300000190734863,3.119999885559082,1339300.0
APPH,2022-02-03,3.0999999046325684,3.0199999809265137,877800.0
APPHW,2022-02-03,1.25,0.4099999964237213,18176.0
APPN,2022-02-02,59.349998474121094,54.0099983215332,587000.0
APPN,2022-02-03,52.5099983215332,51.790000915527344,527800.0
APPS,2022-02-02,47.70000076293945,43.810001373291016,4142900.0
APPS,2022-02-03,41.56999969482422,40.810001373291016,3541000.0
APR,2022-02-02,37.29999923706055,37.29999923706055,361600.0
APR,2022-02-03,37.5,37.279998779296875,423900.0
APRE,2022-02-02,2.180000066757202,2.0999999046325684,416300.0
APRE,2022-02-03,2.0799999237060547,2.0299999713897705,325800.0
APTM,2022-02-02,9.729999542236328,9.729999542236328,1000.0
APTM,2022-02-03,9.729999542236328,9.729999542236328,0.0
APTMU,2022-02-02,9.800000190734863,9.800000190734863,0.0
APTMW,2022-02-01,0.0,0.5497999787330627,1951.0
APTO,2022-02-02,1.340000033378601,1.2799999713897705,240300.0
APTO,2022-02-03,1.25,1.190000057220459,357800.0
APTX,2022-02-02,3.109999895095825,3.0,120600.0
APTX,2022-02-03,3.0399999618530273,2.940000057220459,52500.0
APVO,2022-02-02,6.0,5.809999942779541,17000.0
APVO,2022-02-03,5.769999980926514,5.699999809265137,21200.0
APWC,2022-02-02,1.4500000476837158,1.5299999713897705,9900.0
APWC,2022-02-04,1.5299999713897705,1.5299999713897705,883.0
APXIU,2022-02-02,10.050000190734863,10.050000190734863,0.0
APXIU,2022-02-03,10.100000381469727,10.100000381469727,100.0
APXIW,2022-02-03,0.25,0.25,30051.0
APYX,2022-02-02,11.029999732971191,10.630000114440918,87100.0
APYX,2022-02-04,10.399999618530273,10.399999618530273,299.0
AQB,2022-02-02,1.7699999809265137,1.6200000047683716,3022100.0
AQB,2022-02-04,1.5700000524520874,1.5499999523162842,53421.0
AQMS,2022-02-02,1.1200000047683716,1.0499999523162842,345900.0
AQMS,2022-02-03,1.0299999713897705,0.9900000095367432,255800.0
AQST,2022-02-02,2.859999895095825,2.6500000953674316,250700.0
AQST,2022-02-04,2.5299999713897705,2.509999990463257,8166.0
AQWA,2022-02-02,15.770000457763672,15.76200008392334,2000.0
AQWA,2022-02-03,15.619999885559082,15.435999870300293,3000.0
ARAV,2022-02-02,2.180000066757202,2.180000066757202,44900.0
ARAV,2022-02-04,1.9900000095367432,1.9872000217437744,1407.0
ARAY,2022-02-02,3.7799999713897705,3.700000047683716,1053800.0
ARAY,2022-02-04,3.569999933242798,3.5501999855041504,64496.0
ARBE,2022-02-02,8.15999984741211,7.760000228881836,59400.0
ARBE,2022-02-03,7.980000019073486,7.670000076293945,29400.0
ARBEW,2022-02-03,1.2999999523162842,0.9599999785423279,21209.0
ARBG,2022-02-02,9.770000457763672,9.800000190734863,4400.0
ARBGU,2022-02-02,9.90999984741211,9.989999771118164,101700.0
ARBGW,2022-02-01,0.6899999976158142,0.4699999988079071,4894.0
ARBK,2022-02-02,10.369999885559082,9.5,159900.0
ARBK,2022-02-03,9.449999809265137,9.630000114440918,152400.0
ARBKL,2022-02-02,23.0,22.969999313354492,300.0
ARCB,2022-02-02,96.55999755859375,93.5199966430664,593400.0
ARCB,2022-02-03,92.0199966430664,92.83999633789062,334600.0
ARCC,2022-02-02,22.079999923706055,22.219999313354492,2379900.0
ARCC,2022-02-04,22.020000457763672,22.065000534057617,344024.0
ARCE,2022-02-02,21.450000762939453,20.489999771118164,306100.0
ARCE,2022-02-04,19.84000015258789,19.260000228881836,5653.0
ARCK,2022-02-02,10.010000228881836,9.979999542236328,10400.0
ARCKU,2022-02-02,10.0600004196167,10.140000343322754,9863.0
ARCKU,2022-02-03,10.140000343322754,10.140000343322754,0.0
ARCKW,2022-02-03,0.4796999990940094,0.32010000944137573,34960.0
ARCT,2022-02-02,26.43000030517578,24.790000915527344,479900.0
ARCT,2022-02-04,23.43000030517578,23.1200008392334,19852.0
ARDS,2022-02-02,2.0,2.009999990463257,829500.0
ARDS,2022-02-03,2.049999952316284,2.0999999046325684,2271200.0
ARDX,2022-02-02,0.8500000238418579,0.8059999942779541,1911000.0
ARDX,2022-02-03,0.7900000214576721,0.7720000147819519,2214000.0
AREC,2022-02-02,1.899999976158142,1.809999942779541,597500.0
AREC,2022-02-03,1.7400000095367432,1.7999999523162842,526400.0
ARGU,2022-02-02,9.9350004196167,9.920000076293945,20800.0
ARGU,2022-02-03,9.920000076293945,9.920000076293945,0.0
ARGUU,2022-02-02,10.15999984741211,10.225000381469727,16100.0
ARGUW,2022-02-02,0.5,0.5101000070571899,15745.0
ARGX,2022-02-02,280.07000732421875,277.9800109863281,165000.0
ARGX,2022-02-03,268.2900085449219,270.79998779296875,170100.0
ARHS,2022-02-02,9.140000343322754,8.239999771118164,666400.0
ARHS,2022-02-03,8.140000343322754,8.300000190734863,406300.0
ARIZ,2022-02-02,9.800999641418457,9.800999641418457,0.0
ARIZ,2022-02-04,9.779999732971191,9.829999923706055,41.0
ARIZR,2022-02-04,0.12110000103712082,0.1225999966263771,922.0
ARIZU,2022-02-02,10.164999961853027,10.029999732971191,400.0
ARIZU,2022-02-03,10.0600004196167,10.130000114440918,2100.0
ARIZW,2022-02-03,0.2700999975204468,0.2800000011920929,2896.0
ARKO,2022-02-02,8.609999656677246,8.380000114440918,339300.0
ARKO,2022-02-03,8.199999809265137,8.220000267028809,324700.0
ARKOW,2022-02-03,1.9900000095367432,1.5,28822.0
ARKR,2022-02-02,16.479999542236328,16.81999969482422,4100.0
ARLP,2022-02-02,14.25,13.649999618530273,989500.0
ARLP,2022-02-04,13.40999984741211,13.430000305175781,61262.0
ARNA,2022-02-02,92.8499984741211,92.94999694824219,1369100.0
ARNA,2022-02-04,92.05999755859375,91.97000122070312,39766.0
AROW,2022-02-02,35.2400016784668,35.119998931884766,19900.0
AROW,2022-02-03,35.119998931884766,35.31999969482422,23200.0
ARQQ,2022-02-02,16.549999237060547,15.4399995803833,527300.0
ARQQ,2022-02-04,15.319999694824219,14.94320011138916,216950.0
ARQQW,2022-02-04,3.5899999141693115,3.2799999713897705,11599.0
ARQT,2022-02-02,15.539999961853027,14.859999656677246,194700.0
ARQT,2022-02-03,14.65999984741211,14.680000305175781,126600.0
ARRW,2022-02-02,9.699999809265137,9.699999809265137,72400.0
ARRWU,2022-02-02,9.890000343322754,9.890000343322754,0.0
ARRWW,2022-02-01,0.5299999713897705,0.4796999990940094,6.0
ARRY,2022-02-02,10.979999542236328,10.539999961853027,4256500.0
ARRY,2022-02-03,10.300000190734863,9.739999771118164,4566000.0
ARTA,2022-02-02,9.970000267028809,9.949999809265137,68800.0
ARTA,2022-02-04,9.979999542236328,9.960000038146973,9686.0
ARTAU,2022-02-02,9.899999618530273,9.899999618530273,100.0
ARTAU,2022-02-04,10.100000381469727,10.100000381469727,20099.0
ARTAW,2022-02-04,0.0,0.4848000109195709,3052.0
ARTE,2022-02-02,9.90999984741211,9.84000015258789,7400.0
ARTE,2022-02-03,9.84000015258789,9.800000190734863,9100.0
ARTEU,2022-02-02,10.0600004196167,10.029999732971191,3100.0
ARTEU,2022-02-03,10.029999732971191,10.029999732971191,0.0
ARTEW,2022-02-02,0.4950000047683716,0.4300000071525574,900.0
ARTL,2022-02-02,0.41999998688697815,0.42500001192092896,576800.0
ARTL,2022-02-03,0.4000000059604645,0.4059999883174896,366900.0
ARTLW,2022-02-03,0.3899500072002411,0.14949999749660492,1218.0
ARTNA,2022-02-02,47.2599983215332,46.40999984741211,21400.0
ARTNA,2022-02-04,46.83000183105469,46.83000183105469,810.0
ARTW,2022-02-02,3.3299999237060547,3.3299999237060547,300.0
ARTW,2022-02-04,3.3299999237060547,3.380000114440918,52.0
ARVL,2022-02-02,4.769999980926514,4.110000133514404,16365400.0
ARVL,2022-02-03,3.930000066757202,3.9600000381469727,7789500.0
ARVN,2022-02-02,70.48999786376953,70.44000244140625,322900.0
ARVN,2022-02-03,69.08000183105469,67.68000030517578,516000.0
ARWR,2022-02-02,54.91999816894531,52.630001068115234,606300.0
ARWR,2022-02-03,48.32600021362305,48.9900016784668,1128400.0
ARYD,2022-02-02,9.899999618530273,9.989999771118164,13500.0
ARYD,2022-02-03,9.890000343322754,9.890000343322754,16900.0
ARYE,2022-02-02,9.699999809265137,9.699999809265137,10200.0
ASAX,2022-02-02,9.960000038146973,9.954999923706055,241200.0
ASAX,2022-02-03,9.960000038146973,9.970000267028809,217500.0
ASAXU,2022-02-02,10.079999923706055,10.119999885559082,20600.0
ASAXU,2022-02-04,10.079999923706055,10.100000381469727,20.0
ASAXW,2022-02-03,0.710099995136261,0.3458000123500824,1011.0
ASET,2022-02-02,33.880001068115234,34.06999969482422,1800.0
ASET,2022-02-03,33.91999816894531,33.82699966430664,1500.0
ASLE,2022-02-02,14.4399995803833,14.0600004196167,115300.0
ASLE,2022-02-04,13.640000343322754,13.5,3375.0
ASLN,2022-02-02,1.0499999523162842,1.0199999809265137,184500.0
ASLN,2022-02-03,1.0199999809265137,0.9800000190734863,90500.0
ASMB,2022-02-02,1.8600000143051147,1.7300000190734863,385700.0
ASMB,2022-02-03,1.7200000286102295,1.6699999570846558,361900.0
ASML,2022-02-02,687.9500122070312,686.75,713600.0
ASML,2022-02-03,659.0900268554688,645.9299926757812,1194900.0
ASND,2022-02-02,120.9800033569336,120.47000122070312,170600.0
ASND,2022-02-03,118.75,115.83999633789062,125500.0
ASO,2022-02-02,40.599998474121094,39.43000030517578,2111400.0
ASO,2022-02-04,37.439998626708984,36.5,110794.0
ASPA,2022-02-02,9.829999923706055,9.949999809265137,4300.0
ASPAU,2022-02-02,10.369999885559082,10.390000343322754,4900.0
ASPAU,2022-02-03,10.390000343322754,10.390000343322754,0.0
ASPAW,2022-02-02,0.5701000094413757,0.39989998936653137,1857.0
ASPC,2022-02-02,9.789999961853027,9.869999885559082,142100.0
ASPCU,2022-02-02,10.145000457763672,10.145000457763672,200.0
ASPCU,2022-02-03,10.149999618530273,10.149999618530273,100.0
ASPCW,2022-02-03,0.6510000228881836,0.5400000214576721,4262.0
ASPS,2022-02-02,10.90999984741211,10.75,39800.0
ASPS,2022-02-04,10.6899995803833,10.630000114440918,660.0
ASPU,2022-02-02,2.2200000286102295,1.9700000286102295,143600.0
ASPU,2022-02-04,1.8700000047683716,1.8519999980926514,2519.0
ASRT,2022-02-02,2.6700000762939453,2.549999952316284,699300.0
ASRT,2022-02-04,2.390000104904175,2.4200000762939453,37862.0
ASRV,2022-02-02,4.300000190734863,4.179999828338623,32700.0
ASRV,2022-02-03,4.199999809265137,4.5,52700.0
ASTC,2022-02-02,0.6700000166893005,0.6899999976158142,1605300.0
ASTC,2022-02-03,0.6700000166893005,0.6600000262260437,477300.0
ASTE,2022-02-02,64.55000305175781,62.939998626708984,83800.0
ASTE,2022-02-03,62.75,62.029998779296875,102300.0
ASTL,2022-02-02,9.350000381469727,9.020000457763672,342000.0
ASTL,2022-02-03,8.960000038146973,9.029999732971191,460700.0
ASTLW,2022-02-03,2.390000104904175,2.119999885559082,93681.0
ASTR,2022-02-02,5.099999904632568,5.070000171661377,4733500.0
ASTR,2022-02-03,4.901000022888184,4.869999885559082,3724400.0
ASTS,2022-02-02,6.159999847412109,5.820000171661377,681900.0
ASTS,2022-02-03,5.659999847412109,5.449999809265137,654700.0
ASTSW,2022-02-03,4.639999866485596,1.8200000524520874,22508.0
ASUR,2022-02-02,7.360000133514404,7.110000133514404,27400.0
ASUR,2022-02-03,7.070000171661377,7.079999923706055,11700.0
ASYS,2022-02-02,9.09000015258789,8.699999809265137,31300.0
ASYS,2022-02-04,8.460000038146973,8.359999656677246,461.0
ATAI,2022-02-02,5.579999923706055,5.320000171661377,737100.0
ATAI,2022-02-04,5.059999942779541,5.039700031280518,31087.0
ATAX,2022-02-02,6.929999828338623,6.71999979019165,89100.0
ATAX,2022-02-03,6.760000228881836,6.679999828338623,64100.0
ATCOL,2022-02-02,25.889999389648438,25.770000457763672,11200.0
ATCOL,2022-02-04,25.84000015258789,25.860000610351562,195.0
ATCX,2022-02-02,10.020000457763672,10.130000114440918,177400.0
ATCX,2022-02-03,10.079999923706055,9.859999656677246,294800.0
ATEC,2022-02-02,10.34000015258789,10.100000381469727,367000.0
ATEC,2022-02-04,9.680000305175781,9.604999542236328,17182.0
ATER,2022-02-02,3.569999933242798,3.369999885559082,2095500.0
ATER,2022-02-03,3.2249999046325684,3.1700000762939453,1534000.0
ATEX,2022-02-02,50.7400016784668,48.79999923706055,111100.0
ATEX,2022-02-03,48.56999969482422,49.869998931884766,58800.0
ATHA,2022-02-02,10.649999618530273,9.949999809265137,170700.0
ATHA,2022-02-04,9.5,9.420000076293945,9464.0
ATHE,2022-02-02,0.949999988079071,0.9100000262260437,33400.0
ATHE,2022-02-03,0.9100000262260437,0.8700000047683716,69900.0
ATHX,2022-02-02,1.0499999523162842,1.0199999809265137,2309900.0
ATHX,2022-02-04,0.9649999737739563,0.9100000262260437,122794.0
ATIF,2022-02-02,4.050000190734863,3.950000047683716,15200.0
ATIF,2022-02-03,4.050000190734863,4.070000171661377,20200.0
ATLC,2022-02-02,66.73999786376953,62.72999954223633,99600.0
ATLC,2022-02-03,62.02000045776367,61.849998474121094,84300.0
ATLCL,2022-02-02,25.030000686645508,25.079999923706055,18700.0
ATLCP,2022-02-02,25.274999618530273,25.350000381469727,5400.0
ATLCP,2022-02-03,25.301000595092773,25.200000762939453,8400.0
ATLO,2022-02-02,24.34000015258789,24.68000030517578,21100.0
ATLO,2022-02-03,24.559999465942383,24.530000686645508,12600.0
ATNF,2022-02-02,3.25,3.119999885559082,461900.0
ATNF,2022-02-03,3.0299999713897705,3.4000000953674316,574300.0
ATNFW,2022-02-03,0.9849990010261536,0.6776000261306763,23038.0
ATNI,2022-02-02,38.900001525878906,37.779998779296875,41600.0
ATNI,2022-02-03,37.560001373291016,37.349998474121094,30400.0
ATNX,2022-02-02,1.0700000524520874,1.0199999809265137,400900.0
ATNX,2022-02-03,1.0,0.9549999833106995,477800.0
ATOM,2022-02-02,14.5600004196167,14.140000343322754,257900.0
ATOM,2022-02-03,13.59000015258789,13.239999771118164,175400.0
ATOS,2022-02-02,1.3899999856948853,1.2999999523162842,2069900.0
ATOS,2022-02-03,1.2699999809265137,1.2400000095367432,1608300.0
ATRA,2022-02-02,15.430000305175781,14.75,824200.0
ATRA,2022-02-03,14.619999885559082,14.75,826100.0
ATRC,2022-02-02,66.29000091552734,65.19999694824219,237100.0
ATRC,2022-02-03,64.16999816894531,63.2599983215332,139900.0
ATRI,2022-02-02,616.0,613.4000244140625,4000.0
ATRI,2022-02-04,600.0,598.4600219726562,624.0
ATRO,2022-02-02,11.970000267028809,12.029999732971191,160300.0
ATRO,2022-02-03,11.869999885559082,11.489999771118164,89700.0
ATRS,2022-02-02,3.4100000858306885,3.4600000381469727,619000.0
ATRS,2022-02-03,3.4100000858306885,3.4000000953674316,706100.0
ATSG,2022-02-02,27.5,26.8700008392334,255500.0
ATSG,2022-02-03,26.799999237060547,26.440000534057617,146300.0
ATSPU,2022-02-02,10.010000228881836,10.010000228881836,100.0
ATSPU,2022-02-03,10.010000228881836,10.010000228881836,0.0
ATSPW,2022-02-04,0.0,0.7049999833106995,200.0
ATVC,2022-02-02,9.6899995803833,9.6899995803833,100.0
ATVC,2022-02-03,9.6899995803833,9.720000267028809,126400.0
ATVCU,2022-02-02,9.8100004196167,9.8100004196167,0.0
ATVCW,2022-02-04,0.9811999797821045,0.6800000071525574,28.0
ATVI,2022-02-02,79.08000183105469,79.25,17386500.0
ATVI,2022-02-03,79.25,78.94999694824219,19956100.0
ATXI,2022-02-02,0.7799999713897705,0.7419999837875366,20300.0
ATXI,2022-02-03,0.7009999752044678,0.7429999709129333,80200.0
ATXS,2022-02-02,5.610000133514404,5.340000152587891,288000.0
ATXS,2022-02-03,5.170000076293945,4.880000114440918,93300.0
ATY,2022-02-02,2.9600000381469727,2.8499999046325684,139000.0
ATY,2022-02-03,2.75,2.740000009536743,119400.0
AUB,2022-02-02,41.16999816894531,40.0,387800.0
AUB,2022-02-04,40.189998626708984,40.06999969482422,22855.0
AUBAP,2022-02-02,27.139999389648438,26.719999313354492,9700.0
AUBAP,2022-02-03,26.8799991607666,26.764999389648438,6000.0
AUBN,2022-02-02,33.5,33.70000076293945,1700.0
AUBN,2022-02-03,33.150001525878906,33.4900016784668,700.0
AUDC,2022-02-02,29.809999465942383,28.040000915527344,167900.0
AUDC,2022-02-03,27.229999542236328,27.520000457763672,172600.0
AUGX,2022-02-02,2.4200000762939453,2.509999990463257,31700.0
AUGX,2022-02-03,2.549999952316284,2.4000000953674316,51600.0
AUID,2022-02-02,7.25,6.71999979019165,62000.0
AUID,2022-02-03,6.369999885559082,6.0,64700.0
AUPH,2022-02-02,18.079999923706055,16.670000076293945,2319500.0
AUPH,2022-02-03,16.34000015258789,16.850000381469727,2406500.0
AUR,2022-02-02,5.110000133514404,4.920000076293945,3389600.0
AUR,2022-02-04,4.929999828338623,4.925000190734863,353643.0
AURA,2022-02-02,18.420000076293945,17.809999465942383,12000.0
AURA,2022-02-04,17.780000686645508,17.920000076293945,86.0
AURC,2022-02-02,9.90999984741211,9.90999984741211,10500.0
AURC,2022-02-03,9.850000381469727,9.899999618530273,11200.0
AURCU,2022-02-02,10.0,10.0,200.0
AURCU,2022-02-03,9.979999542236328,9.979999542236328,200.0
AURCW,2022-02-02,0.0,0.550000011920929,20709.0
AUROW,2022-02-03,3.319999933242798,0.9397000074386597,43387.0
AUTL,2022-02-02,4.190000057220459,4.039999961853027,204700.0
AUTL,2022-02-04,4.110000133514404,4.164999961853027,11556.0
AUTO,2022-02-02,2.8399999141693115,2.8399999141693115,20800.0
AUTO,2022-02-04,2.859999895095825,2.73799991607666,1317.0
AUUD,2022-02-02,1.7799999713897705,1.6699999570846558,49400.0
AUUD,2022-02-03,1.659999966621399,1.649999976158142,30000.0
AUVI,2022-02-02,1.8300000429153442,1.6799999475479126,132700.0
AUVI,2022-02-03,1.659999966621399,1.6100000143051147,81200.0
AUVIP,2022-02-02,25.389999389648438,25.549999237060547,6800.0
AUVIP,2022-02-04,25.549999237060547,25.039899826049805,2452.0
AVAC,2022-02-02,9.914999961853027,9.890000343322754,24900.0
AVAC,2022-02-03,9.895000457763672,9.869999885559082,2100.0
AVACU,2022-02-02,10.100000381469727,10.104999542236328,5300.0
AVACU,2022-02-03,10.104999542236328,10.104999542236328,0.0
AVACW,2022-02-02,0.2800000011920929,0.2800999879837036,1987.0
AVAH,2022-02-02,5.320000171661377,5.199999809265137,786300.0
AVAH,2022-02-03,5.159999847412109,5.309999942779541,612700.0
AVAV,2022-02-02,57.59000015258789,56.7599983215332,140700.0
AVAV,2022-02-03,56.189998626708984,56.2400016784668,111300.0
AVCO,2022-02-02,0.8199999928474426,0.7799999713897705,72400.0
AVCO,2022-02-03,0.7900000214576721,0.800000011920929,462000.0
AVCT,2022-02-02,1.159999966621399,1.1100000143051147,3246700.0
AVCT,2022-02-03,1.0800000429153442,1.0399999618530273,3251400.0
AVCTW,2022-02-03,0.22200000286102295,0.1550000011920929,24279.0
AVDL,2022-02-02,6.300000190734863,6.210000038146973,324200.0
AVDL,2022-02-03,6.130000114440918,6.099999904632568,254800.0
AVDX,2022-02-02,11.300000190734863,10.880000114440918,610700.0
AVDX,2022-02-04,10.050000190734863,10.130000114440918,16357.0
AVEO,2022-02-02,3.7699999809265137,3.549999952316284,150700.0
AVEO,2022-02-04,3.5,3.440000057220459,33303.0
AVGO,2022-02-02,599.0,603.4299926757812,2444300.0
AVGO,2022-02-03,595.6699829101562,580.8499755859375,3058300.0
AVGOP,2022-02-02,1826.8399658203125,1826.8399658203125,4700.0
AVGOP,2022-02-03,1826.8399658203125,1826.8399658203125,4700.0
AVGR,2022-02-02,0.33000001311302185,0.3059999942779541,495900.0
AVGR,2022-02-03,0.3050000071525574,0.2919999957084656,578700.0
AVHI,2022-02-02,9.899999618530273,9.899999618530273,21200.0
AVHI,2022-02-03,9.829999923706055,9.899999618530273,200.0
AVHIU,2022-02-02,10.15999984741211,10.15999984741211,200.0
AVHIU,2022-02-03,10.15999984741211,10.15999984741211,300.0
AVHIW,2022-02-02,0.2949509918689728,0.22040000557899475,182268.0
AVID,2022-02-02,31.049999237060547,30.190000534057617,272600.0
AVID,2022-02-03,29.969999313354492,29.139999389648438,269100.0
AVIR,2022-02-02,7.28000020980835,7.010000228881836,623500.0
AVIR,2022-02-03,6.889999866485596,6.800000190734863,549200.0
AVNW,2022-02-02,29.56999969482422,30.920000076293945,212500.0
AVNW,2022-02-04,29.81999969482422,28.850000381469727,12116.0
AVO,2022-02-02,14.414999961853027,13.930000305175781,90100.0
AVO,2022-02-03,13.819999694824219,13.460000038146973,81600.0
AVPT,2022-02-02,6.190000057220459,5.940000057220459,936300.0
AVPT,2022-02-03,5.789999961853027,5.710000038146973,639600.0
AVPTW,2022-02-04,2.2799999713897705,0.9398999810218811,100.0
AVRO,2022-02-02,1.9600000381469727,1.840000033378601,479300.0
AVRO,2022-02-04,1.75,1.7300000190734863,22529.0
AVT,2022-02-02,40.900001525878906,41.54999923706055,769300.0
AVT,2022-02-04,40.97999954223633,41.16999816894531,34629.0
AVTE,2022-02-02,10.1899995803833,9.4399995803833,58300.0
AVTE,2022-02-03,9.069999694824219,9.270000457763672,25300.0
AVTX,2022-02-02,0.9909999966621399,0.9100000262260437,265800.0
AVTX,2022-02-03,0.9049999713897705,0.890999972820282,292100.0
AVXL,2022-02-02,11.6899995803833,10.550000190734863,3231700.0
AVXL,2022-02-03,10.4399995803833,10.229999542236328,1971700.0
AWH,2022-02-02,1.25,1.149999976158142,311700.0
AWH,2022-02-04,1.1200000047683716,1.1200000047683716,36591.0
AWRE,2022-02-02,2.859999895095825,2.940000057220459,45900.0
AWRE,2022-02-03,2.990000009536743,2.9100000858306885,29400.0
AXDX,2022-02-02,3.259999990463257,3.109999895095825,251300.0
AXDX,2022-02-04,2.859999895095825,2.8450000286102295,11079.0
AXGN,2022-02-02,8.579999923706055,8.350000381469727,172800.0
AXGN,2022-02-03,8.0600004196167,8.069999694824219,123300.0
AXLA,2022-02-02,1.7899999618530273,1.7699999809265137,35700.0
AXLA,2022-02-03,1.75,1.6399999856948853,70800.0
AXNX,2022-02-02,50.0099983215332,49.43000030517578,443200.0
AXNX,2022-02-03,48.150001525878906,48.04999923706055,532200.0
AXON,2022-02-02,144.3000030517578,142.14999389648438,327300.0
AXON,2022-02-03,139.16000366210938,139.99000549316406,363600.0
AXSM,2022-02-02,28.709999084472656,28.709999084472656,719000.0
AXSM,2022-02-04,27.030000686645508,26.25,38173.0
AXTI,2022-02-02,7.599999904632568,7.389999866485596,165700.0
AXTI,2022-02-04,7.099999904632568,7.110000133514404,9028.0
AY,2022-02-02,32.75,32.5099983215332,385200.0
AY,2022-02-04,31.5,31.530000686645508,18687.0
AYLA,2022-02-02,6.010000228881836,6.034999847412109,29200.0
AYLA,2022-02-03,6.019999980926514,5.920000076293945,23000.0
AYRO,2022-02-02,1.3300000429153442,1.2100000381469727,468700.0
AYRO,2022-02-03,1.2000000476837158,1.149999976158142,324800.0
AYTU,2022-02-02,1.3300000429153442,1.2999999523162842,186700.0
AYTU,2022-02-04,1.2400000095367432,1.2300000190734863,13213.0
AZ,2022-02-02,6.0,6.460000038146973,78700.0
AZ,2022-02-03,6.429999828338623,6.380000114440918,51700.0
AZN,2022-02-02,57.689998626708984,59.0099983215332,9509100.0
AZN,2022-02-03,57.58000183105469,57.33000183105469,6986600.0
AZPN,2022-02-02,150.9600067138672,150.80999755859375,188900.0
AZPN,2022-02-03,149.35000610351562,144.08999633789062,306700.0
AZTA,2022-02-02,86.4800033569336,86.72000122070312,861400.0
AZTA,2022-02-03,85.20999908447266,85.11000061035156,346400.0
AZYO,2022-02-02,5.75,5.730000019073486,3800.0
AZYO,2022-02-04,5.650000095367432,5.730000019073486,2.0
